MarbleBrightHCBeigeCold,100000000,1441,0,721
MarbleBrightHCBeigeColdD,100000000,1441,0,721
MarbleBrightHCBeigeColdL,100000000,1441,0,721
MarbleBrightHCBlack,100000000,1441,0,721
MarbleBrightHCBlueCold,100000000,1441,0,721
MarbleBrightHCBlueColdD,100000000,1441,0,721
MarbleBrightHCBlueColdL,100000000,1441,0,721
MarbleBrightHCGray,100000000,1441,0,721
MarbleBrightHCGrayD,100000000,1441,0,721
MarbleBrightHCGrayL,100000000,1441,0,721
MarbleBrightHCGreenCold,100000000,1441,0,721
MarbleBrightHCGreenColdD,100000000,1441,0,721
MarbleBrightHCGreenColdL,100000000,1441,0,721
MarbleBrightHCOrangeCold,100000000,1441,0,721
MarbleBrightHCOrangeColdD,100000000,1441,0,721
MarbleBrightHCOrangeColdL,100000000,1441,0,721
MarbleBrightHCRedCold,100000000,1441,0,721
MarbleBrightHCRedColdD,100000000,1441,0,721
MarbleBrightHCRedColdL,100000000,1441,0,721
MarbleBrightHCWhite,100000000,1441,0,721
MarbleBrightHCYellowCold,100000000,1441,0,721
MarbleBrightHCYellowColdD,100000000,1441,0,721
MarbleBrightHCYellowColdL,100000000,1441,0,721
MarbleMattHCBeigeCold,100000000,1441,0,721
MarbleMattHCBeigeColdD,100000000,1441,0,721
MarbleMattHCBeigeColdL,100000000,1441,0,721
MarbleMattHCBlack,100000000,1441,0,721
MarbleMattHCBlueCold,100000000,1441,0,721
MarbleMattHCBlueColdD,100000000,1441,0,721
MarbleMattHCBlueColdL,100000000,1441,0,721
MarbleMattHCGray,100000000,1441,0,721
MarbleMattHCGrayD,100000000,1441,0,721
MarbleMattHCGrayL,100000000,1441,0,721
MarbleMattHCGreenCold,100000000,1441,0,721
MarbleMattHCGreenColdD,100000000,1441,0,721
MarbleMattHCGreenColdL,100000000,1441,0,721
MarbleMattHCOrangeCold,100000000,1441,0,721
MarbleMattHCOrangeColdD,100000000,1441,0,721
MarbleMattHCOrangeColdL,100000000,1441,0,721
MarbleMattHCRedCold,100000000,1441,0,721
MarbleMattHCRedColdD,100000000,1441,0,721
MarbleMattHCRedColdL,100000000,1441,0,721
MarbleMattHCWhite,100000000,1441,0,721
MarbleMattHCYellowCold,100000000,1441,0,721
MarbleMattHCYellowColdD,100000000,1441,0,721
MarbleMattHCYellowColdL,100000000,1441,0,721
MarbleTileHCBeigeCold,100000000,1441,0,721
MarbleTileHCBeigeColdD,100000000,1441,0,721
MarbleTileHCBeigeColdL,100000000,1441,0,721
MarbleTileHCBlack,100000000,1441,0,721
MarbleTileHCBlueCold,100000000,1441,0,721
MarbleTileHCBlueColdD,100000000,1441,0,721
MarbleTileHCBlueColdL,100000000,1441,0,721
MarbleTileHCGray,100000000,1441,0,721
MarbleTileHCGrayD,100000000,1441,0,721
MarbleTileHCGrayL,100000000,1441,0,721
MarbleTileHCGreenCold,100000000,1441,0,721
MarbleTileHCGreenColdD,100000000,1441,0,721
MarbleTileHCGreenColdL,100000000,1441,0,721
MarbleTileHCOrangeCold,100000000,1441,0,721
MarbleTileHCOrangeColdD,100000000,1441,0,721
MarbleTileHCOrangeColdL,100000000,1441,0,721
MarbleTileHCRedCold,100000000,1441,0,721
MarbleTileHCRedColdD,100000000,1441,0,721
MarbleTileHCRedColdL,100000000,1441,0,721
MarbleTileHCWhite,100000000,1441,0,721
MarbleTileHCYellowCold,100000000,1441,0,721
MarbleTileHCYellowColdD,100000000,1441,0,721
MarbleTileHCYellowColdL,100000000,1441,0,721