hcStainlessSteelAged,100000000,2406,0,1203
hcStainlessSteelGlossy,100000000,2406,0,1203
hcStainlessSteelMatte,100000000,2406,0,1203
hcStainlessSteelPaintedBlack,100000000,2406,0,1203
hcStainlessSteelPaintedDarkGray,100000000,2406,0,1203
hcStainlessSteelPaintedGray,100000000,2406,0,1203
hcStainlessSteelPaintedGreen,100000000,2406,0,1203
hcStainlessSteelPaintedIce,100000000,2406,0,1203
hcStainlessSteelPaintedLightGray,100000000,2406,0,1203
hcStainlessSteelPaintedMilitary,100000000,2406,0,1203
hcStainlessSteelPaintedOrange,100000000,2406,0,1203
hcStainlessSteelPaintedPurple,100000000,2406,0,1203
hcStainlessSteelPaintedRed,100000000,2406,0,1203
hcStainlessSteelPaintedSky,100000000,2406,0,1203
hcStainlessSteelPaintedWhite,100000000,2406,0,1203
hcStainlessSteelPaintedYellow,100000000,2406,0,1203
hcStainlessSteelPanelBlack,100000000,2406,0,1203
hcStainlessSteelPanelDarkGray,100000000,2406,0,1203
hcStainlessSteelPanelGray,100000000,2406,0,1203
hcStainlessSteelPanelGreen,100000000,2406,0,1203
hcStainlessSteelPanelIce,100000000,2406,0,1203
hcStainlessSteelPanelLightGray,100000000,2406,0,1203
hcStainlessSteelPanelMilitary,100000000,2406,0,1203
hcStainlessSteelPanelOrange,100000000,2406,0,1203
hcStainlessSteelPanelPurple,100000000,2406,0,1203
hcStainlessSteelPanelRed,100000000,2406,0,1203
hcStainlessSteelPanelSky,100000000,2406,0,1203
hcStainlessSteelPanelWhite,100000000,2406,0,1203
hcStainlessSteelPanelYellow,100000000,2406,0,1203