hcLithiumAged,100000000,7136,0,3568
hcLithiumGlossy,100000000,7136,0,3568
hcLithiumMatte,100000000,7136,0,3568
hcLithiumPaintedBlack,100000000,7136,0,3568
hcLithiumPaintedDarkGray,100000000,7136,0,3568
hcLithiumPaintedGray,100000000,7136,0,3568
hcLithiumPaintedGreen,100000000,7136,0,3568
hcLithiumPaintedIce,100000000,7136,0,3568
hcLithiumPaintedLightGray,100000000,7136,0,3568
hcLithiumPaintedMilitary,100000000,7136,0,3568
hcLithiumPaintedOrange,100000000,7136,0,3568
hcLithiumPaintedPurple,100000000,7136,0,3568
hcLithiumPaintedRed,100000000,7136,0,3568
hcLithiumPaintedSky,100000000,7136,0,3568
hcLithiumPaintedWhite,100000000,7136,0,3568
hcLithiumPaintedYellow,100000000,7136,0,3568
hcLithiumPanelBlack,100000000,7136,0,3568
hcLithiumPanelDarkGray,100000000,7136,0,3568
hcLithiumPanelGray,100000000,7136,0,3568
hcLithiumPanelGreen,100000000,7136,0,3568
hcLithiumPanelIce,100000000,7136,0,3568
hcLithiumPanelLightGray,100000000,7136,0,3568
hcLithiumPanelMilitary,100000000,7136,0,3568
hcLithiumPanelOrange,100000000,7136,0,3568
hcLithiumPanelPurple,100000000,7136,0,3568
hcLithiumPanelRed,100000000,7136,0,3568
hcLithiumPanelSky,100000000,7136,0,3568
hcLithiumPanelWhite,100000000,7136,0,3568
hcLithiumPanelYellow,100000000,7136,0,3568