hcSilverAged,100000000,7136,0,3568
hcSilverGlossy,100000000,7136,0,3568
hcSilverMatte,100000000,7136,0,3568
hcSilverPaintedBlack,100000000,7136,0,3568
hcSilverPaintedDarkGray,100000000,7136,0,3568
hcSilverPaintedGray,100000000,7136,0,3568
hcSilverPaintedGreen,100000000,7136,0,3568
hcSilverPaintedIce,100000000,7136,0,3568
hcSilverPaintedLightGray,100000000,7136,0,3568
hcSilverPaintedMilitary,100000000,7136,0,3568
hcSilverPaintedOrange,100000000,7136,0,3568
hcSilverPaintedPurple,100000000,7136,0,3568
hcSilverPaintedRed,100000000,7136,0,3568
hcSilverPaintedSky,100000000,7136,0,3568
hcSilverPaintedWhite,100000000,7136,0,3568
hcSilverPaintedYellow,100000000,7136,0,3568
hcSilverPanelBlack,100000000,7136,0,3568
hcSilverPanelDarkGray,100000000,7136,0,3568
hcSilverPanelGray,100000000,7136,0,3568
hcSilverPanelGreen,100000000,7136,0,3568
hcSilverPanelIce,100000000,7136,0,3568
hcSilverPanelLightGray,100000000,7136,0,3568
hcSilverPanelMilitary,100000000,7136,0,3568
hcSilverPanelOrange,100000000,7136,0,3568
hcSilverPanelPurple,100000000,7136,0,3568
hcSilverPanelRed,100000000,7136,0,3568
hcSilverPanelSky,100000000,7136,0,3568
hcSilverPanelWhite,100000000,7136,0,3568
hcSilverPanelYellow,100000000,7136,0,3568