hcSulfurAged,100000000,7136,0,3568
hcSulfurGlossy,100000000,7136,0,3568
hcSulfurMatte,100000000,7136,0,3568
hcSulfurPaintedBlack,100000000,7136,0,3568
hcSulfurPaintedDarkGray,100000000,7136,0,3568
hcSulfurPaintedGray,100000000,7136,0,3568
hcSulfurPaintedGreen,100000000,7136,0,3568
hcSulfurPaintedIce,100000000,7136,0,3568
hcSulfurPaintedLightGray,100000000,7136,0,3568
hcSulfurPaintedMilitary,100000000,7136,0,3568
hcSulfurPaintedOrange,100000000,7136,0,3568
hcSulfurPaintedPurple,100000000,7136,0,3568
hcSulfurPaintedRed,100000000,7136,0,3568
hcSulfurPaintedSky,100000000,7136,0,3568
hcSulfurPaintedWhite,100000000,7136,0,3568
hcSulfurPaintedYellow,100000000,7136,0,3568
hcSulfurPanelBlack,100000000,7136,0,3568
hcSulfurPanelDarkGray,100000000,7136,0,3568
hcSulfurPanelGray,100000000,7136,0,3568
hcSulfurPanelGreen,100000000,7136,0,3568
hcSulfurPanelIce,100000000,7136,0,3568
hcSulfurPanelLightGray,100000000,7136,0,3568
hcSulfurPanelMilitary,100000000,7136,0,3568
hcSulfurPanelOrange,100000000,7136,0,3568
hcSulfurPanelPurple,100000000,7136,0,3568
hcSulfurPanelRed,100000000,7136,0,3568
hcSulfurPanelSky,100000000,7136,0,3568
hcSulfurPanelWhite,100000000,7136,0,3568
hcSulfurPanelYellow,100000000,7136,0,3568