CarbonfiberBrightHCBlack,100000000,639,0,320
CarbonfiberBrightHCGray,100000000,639,0,320
CarbonfiberBrightHCGrayD,100000000,639,0,320
CarbonfiberBrightHCGrayL,100000000,639,0,320
CarbonfiberBrightHCWhite,100000000,639,0,320
CarbonfiberMattHCBlack,100000000,639,0,320
CarbonfiberMattHCGray,100000000,639,0,320
CarbonfiberMattHCGrayD,100000000,639,0,320
CarbonfiberMattHCGrayL,100000000,639,0,320
CarbonfiberMattHCWhite,100000000,639,0,320
CarbonfiberTileHCBlack,100000000,639,0,320
CarbonfiberTileHCGray,100000000,639,0,320
CarbonfiberTileHCGrayD,100000000,639,0,320
CarbonfiberTileHCGrayL,100000000,639,0,320
CarbonfiberTileHCWhite,100000000,639,0,320