hcIronAged,100000000,453,0,227
hcIronGlossy,100000000,453,0,227
hcIronMatte,100000000,453,0,227
hcIronPaintedBlack,100000000,453,0,227
hcIronPaintedDarkGray,100000000,453,0,227
hcIronPaintedGray,100000000,453,0,227
hcIronPaintedGreen,100000000,453,0,227
hcIronPaintedIce,100000000,453,0,227
hcIronPaintedLightGray,100000000,453,0,227
hcIronPaintedMilitary,100000000,453,0,227
hcIronPaintedOrange,100000000,453,0,227
hcIronPaintedPurple,100000000,453,0,227
hcIronPaintedRed,100000000,453,0,227
hcIronPaintedSky,100000000,453,0,227
hcIronPaintedWhite,100000000,453,0,227
hcIronPaintedYellow,100000000,453,0,227
hcIronPanelBlack,100000000,453,0,227
hcIronPanelDarkGray,100000000,453,0,227
hcIronPanelGray,100000000,453,0,227
hcIronPanelGreen,100000000,453,0,227
hcIronPanelIce,100000000,453,0,227
hcIronPanelLightGray,100000000,453,0,227
hcIronPanelMilitary,100000000,453,0,227
hcIronPanelOrange,100000000,453,0,227
hcIronPanelPurple,100000000,453,0,227
hcIronPanelRed,100000000,453,0,227
hcIronPanelSky,100000000,453,0,227
hcIronPanelWhite,100000000,453,0,227
hcIronPanelYellow,100000000,453,0,227
IronBrightHCBlack,100000000,453,0,227
IronBrightHCGray,100000000,453,0,227
IronBrightHCGrayD,100000000,453,0,227
IronBrightHCGrayL,100000000,453,0,227
IronBrightHCWhite,100000000,453,0,227
IronMattHCBlack,100000000,453,0,227
IronMattHCGray,100000000,453,0,227
IronMattHCGrayD,100000000,453,0,227
IronMattHCGrayL,100000000,453,0,227
IronMattHCWhite,100000000,453,0,227
IronTileHCBlack,100000000,453,0,227
IronTileHCGray,100000000,453,0,227
IronTileHCGrayD,100000000,453,0,227
IronTileHCGrayL,100000000,453,0,227
IronTileHCWhite,100000000,453,0,227