hcSteelAged,100000000,868,0,434
hcSteelGlossy,100000000,868,0,434
hcSteelMatte,100000000,868,0,434
hcSteelPaintedBlack,100000000,868,0,434
hcSteelPaintedDarkGray,100000000,868,0,434
hcSteelPaintedGray,100000000,868,0,434
hcSteelPaintedGreen,100000000,868,0,434
hcSteelPaintedIce,100000000,868,0,434
hcSteelPaintedLightGray,100000000,868,0,434
hcSteelPaintedMilitary,100000000,868,0,434
hcSteelPaintedOrange,100000000,868,0,434
hcSteelPaintedPurple,100000000,868,0,434
hcSteelPaintedRed,100000000,868,0,434
hcSteelPaintedSky,100000000,868,0,434
hcSteelPaintedWhite,100000000,868,0,434
hcSteelPaintedYellow,100000000,868,0,434
hcSteelPanelBlack,100000000,868,0,434
hcSteelPanelDarkGray,100000000,868,0,434
hcSteelPanelGray,100000000,868,0,434
hcSteelPanelGreen,100000000,868,0,434
hcSteelPanelIce,100000000,868,0,434
hcSteelPanelLightGray,100000000,868,0,434
hcSteelPanelMilitary,100000000,868,0,434
hcSteelPanelOrange,100000000,868,0,434
hcSteelPanelPurple,100000000,868,0,434
hcSteelPanelRed,100000000,868,0,434
hcSteelPanelSky,100000000,868,0,434
hcSteelPanelWhite,100000000,868,0,434
hcSteelPanelYellow,100000000,868,0,434
SteelBrightHCBeige,100000000,868,0,434
SteelBrightHCBeigeD,100000000,868,0,434
SteelBrightHCBeigeL,100000000,868,0,434
SteelBrightHCBlack,100000000,868,0,434
SteelBrightHCBlue,100000000,868,0,434
SteelBrightHCBlueD,100000000,868,0,434
SteelBrightHCBlueL,100000000,868,0,434
SteelBrightHCGray,100000000,868,0,434
SteelBrightHCGrayD,100000000,868,0,434
SteelBrightHCGrayL,100000000,868,0,434
SteelBrightHCGreen,100000000,868,0,434
SteelBrightHCGreenD,100000000,868,0,434
SteelBrightHCGreenL,100000000,868,0,434
SteelBrightHCOrange,100000000,868,0,434
SteelBrightHCOrangeD,100000000,868,0,434
SteelBrightHCOrangeL,100000000,868,0,434
SteelBrightHCRed,100000000,868,0,434
SteelBrightHCRedD,100000000,868,0,434
SteelBrightHCRedL,100000000,868,0,434
SteelBrightHCWhite,100000000,868,0,434
SteelBrightHCYellow,100000000,868,0,434
SteelBrightHCYellowD,100000000,868,0,434
SteelBrightHCYellowL,100000000,868,0,434
SteelMattHCBeige,100000000,868,0,434
SteelMattHCBeigeD,100000000,868,0,434
SteelMattHCBeigeL,100000000,868,0,434
SteelMattHCBlack,100000000,868,0,434
SteelMattHCBlue,100000000,868,0,434
SteelMattHCBlueD,100000000,868,0,434
SteelMattHCBlueL,100000000,868,0,434
SteelMattHCGray,100000000,868,0,434
SteelMattHCGrayD,100000000,868,0,434
SteelMattHCGrayL,100000000,868,0,434
SteelMattHCGreen,100000000,868,0,434
SteelMattHCGreenD,100000000,868,0,434
SteelMattHCGreenL,100000000,868,0,434
SteelMattHCOrange,100000000,868,0,434
SteelMattHCOrangeD,100000000,868,0,434
SteelMattHCOrangeL,100000000,868,0,434
SteelMattHCRed,100000000,868,0,434
SteelMattHCRedCold,100000000,868,0,434
SteelMattHCRedD,100000000,868,0,434
SteelMattHCRedL,100000000,868,0,434
SteelMattHCWhite,100000000,868,0,434
SteelMattHCYellow,100000000,868,0,434
SteelMattHCYellowD,100000000,868,0,434
SteelMattHCYellowL,100000000,868,0,434
SteelTileHCBeige,100000000,868,0,434
SteelTileHCBeigeD,100000000,868,0,434
SteelTileHCBeigeL,100000000,868,0,434
SteelTileHCBlack,100000000,868,0,434
SteelTileHCBlue,100000000,868,0,434
SteelTileHCBlueD,100000000,868,0,434
SteelTileHCBlueL,100000000,868,0,434
SteelTileHCGray,100000000,868,0,434
SteelTileHCGrayD,100000000,868,0,434
SteelTileHCGrayL,100000000,868,0,434
SteelTileHCGreen,100000000,868,0,434
SteelTileHCGreenD,100000000,868,0,434
SteelTileHCGreenL,100000000,868,0,434
SteelTileHCOrange,100000000,868,0,434
SteelTileHCOrangeD,100000000,868,0,434
SteelTileHCOrangeL,100000000,868,0,434
SteelTileHCRed,100000000,868,0,434
SteelTileHCRedD,100000000,868,0,434
SteelTileHCRedL,100000000,868,0,434
SteelTileHCWhite,100000000,868,0,434
SteelTileHCYellow,100000000,868,0,434
SteelTileHCYellowD,100000000,868,0,434
SteelTileHCYellowL,100000000,868,0,434